id,first_name,last_name,email,gender,specilization,eligibility
1,Titos,Lorinez,tlorinez0@w3.org,Male,dentist,0
2,Nolly,Cokely,ncokely1@bloglovin.com,Male,dentist,1
3,Shamus,Kember,skember2@cam.ac.uk,Male,neurologist,0
4,Onfre,Shelmerdine,oshelmerdine3@blogs.com,Male,surgeon,0
5,Cassi,Le Pine,clepine4@reddit.com,Female,cardiologist,1
6,Skippie,Rotherforth,srotherforth5@cisco.com,Male,cardiologist,0
7,Cazzie,Limeburner,climeburner6@mac.com,Male,cardiologist,0
8,Maude,MacCahee,mmaccahee7@mozilla.org,Female,cardiologist,1
9,Alden,Averall,aaverall8@mac.com,Male,dentist,1
10,Coleman,MacDermand,cmacdermand9@theatlantic.com,Male,ent docter,1
11,Zeb,Ilyinski,zilyinskia@rambler.ru,Male,ent docter,0
12,Forbes,Streatley,fstreatleyb@google.es,Male,cardiologist,0
13,Garek,Goodsall,ggoodsallc@tumblr.com,Male,surgeon,1
14,Washington,Alexsandrov,walexsandrovd@weibo.com,Male,ent docter,0
15,Godart,Echallier,gechalliere@elpais.com,Male,dentist,1
16,Franky,Bax,fbaxf@netscape.com,Male,dentist,0
17,Vina,Whiteway,vwhitewayg@soup.io,Female,dentist,1
18,Crysta,Blackman,cblackmanh@g.co,Female,dentist,1
19,Palm,Snadden,psnaddeni@creativecommons.org,Male, ent doctor,0
20,Kim,Servante,kservantej@disqus.com,Female,dentist,1
21,Karissa,Harradence,kharradencek@hc360.com,Female,surgeon,0
22,Carver,Swalwell,cswalwelll@mozilla.org,Male,neurologist,1
23,Sal,Abbott,sabbottm@indiatimes.com,Male,cardiologist,1
24,Kizzee,Morfett,kmorfettn@aboutads.info,Female,surgeon,0
25,Rene,Clemmow,rclemmowo@disqus.com,Female,ent docter,0
26,Barron,Harnett,bharnettp@vimeo.com,Male,neurologist,0
27,Kellby,Paddington,kpaddingtonq@about.me,Male,dentist,0
28,Sandro,Leupold,sleupoldr@desdev.cn,Male,neurologist,1
29,Natal,Podbury,npodburys@blog.com,Male,neurologist,0
30,Vivianna,Alastair,valastairt@bloglines.com,Female,neurologist,1
31,Aindrea,Aspy,aaspyu@ycombinator.com,Female,cardiologist,1
32,Ange,Riggs,ariggsv@amazon.co.jp,Female,dentist,1
33,Chilton,Wyatt,cwyattw@weibo.com,Male,cardiologist,0
34,Godfree,Gallaway,ggallawayx@furl.net,Male,dentist,0
35,Ryan,Hallor,rhallory@unc.edu,Male,neurologist,0
36,Valdemar,Pyatt,vpyattz@is.gd,Male,surgeon,0
37,Arluene,Van Hesteren,avanhesteren10@posterous.com,Female,ent docter,1
38,Devlin,McKerlie,dmckerlie11@mac.com,Male,ent docter,1
39,Jacinda,Bainbrigge,jbainbrigge12@shinystat.com,Female,dentist,0
40,Amabel,Proswell,aproswell13@blogtalkradio.com,Female,surgeon,1
41,Wilow,Aish,waish14@hc360.com,Female,ent docter,1
42,Peggy,Crole,pcrole15@mapquest.com,Female,dentist,0
43,Urbanus,Dielhenn,udielhenn16@huffingtonpost.com,Male,neurologist,0
44,Mallory,Paxman,mpaxman17@trellian.com,Male,ent docter,0
45,Fionnula,Dakin,fdakin18@liveinternet.ru,Female,cardiologist,0
46,Edlin,McCaughey,emccaughey19@google.it,Male,ent docter,1
47,Cicily,Rodenhurst,crodenhurst1a@nytimes.com,Female,dentist,1
48,Barbe,Lambird,blambird1b@examiner.com,Female,ent docter,0
49,Helen-elizabeth,Ennor,hennor1c@tuttocitta.it,Female,neurologist,1
50,Eliza,Darko,edarko1d@bloglovin.com,Female,ent docter,0
